Name,Start date,End date
PTZOptics 12X-SDI Camera,2022-10-18,2022-10-21
Canon Rebel T7,2022-10-24,2022-10-27
Canon EOS R10,2022-10-17,2022-10-20
Epson Pro EX9240 Projector,2022-10-12,2022-10-15
PTZOptics 30X-NDI Camera,2022-10-17,2022-10-20
Epson Pro EX9240 Projector,2022-10-17,2022-10-20
Epson EX3280 Projector,2022-10-10,2022-10-13
PTZOptics 12X-SDI Camera,2022-10-13,2022-10-16
PTZOptics 12X-SDI Camera,2022-10-12,2022-10-15
MacBook Pro 14,2022-10-09,2022-10-12
MacBook Pro 14,2022-10-05,2022-10-08
Canon EOS R10,2022-10-09,2022-10-12
Canon Rebel T7,2022-10-05,2022-10-08
Canon EOS R10,2022-10-05,2022-10-08
PTZOptics 30X-NDI Camera,2022-09-29,2022-10-02
Canon EOS R10,2022-09-29,2022-10-02
MacBook Pro 14,2022-09-28,2022-10-01
MacBook Pro 16,2022-09-24,2022-09-27
PTZOptics 30X-NDI Camera,2022-09-20,2022-09-23
PTZOptics 12X-SDI Camera,2022-09-24,2022-09-27
MacBook Pro 14,2022-09-24,2022-09-27
Epson EX3280 Projector,2022-09-20,2022-09-23
Epson Pro EX9240 Projector,2022-09-24,2022-09-27
MacBook Pro 16,2022-09-20,2022-09-23
Canon Rebel T7,2022-09-24,2022-09-27
Canon Rebel T7,2022-09-20,2022-09-23
Canon EOS R10,2022-09-20,2022-09-23
Epson Pro EX9240 Projector,2022-09-20,2022-09-23